queryID,docIDs
303,APW19980610.1778 APW19990525.0223 APW19990602.0039 APW19990826.0244 APW19991006.0154 APW19991006.0285 NYT19980728.0174 NYT19980728.0175 NYT19980729.0210 NYT19980729.0211 NYT19980730.0107 NYT19980730.0108 NYT19980804.0104 NYT19980804.0105 NYT19980811.0096 NYT19980811.0097 NYT19981228.0315 NYT19990103.0248 NYT19990525.0358 NYT19990526.0001 NYT19990605.0071 NYT19990605.0072 NYT19990607.0082 NYT19990607.0083 NYT19991026.0073 NYT19991026.0074 NYT19991026.0075 NYT19991028.0083 NYT19991028.0084 NYT19991028.0085 NYT19991028.0086 NYT20000128.0178 NYT20000518.0275 XIE19960617.0065 XIE19960709.0116 XIE19980117.0012 APW19980609.1531 APW19980715.1061 APW19981008.1253 APW19990106.0156 APW19990108.0103 APW19990108.0283 APW19990209.0343 APW19990209.0357 APW19990209.0359 APW19990210.0167 APW19990210.0168 APW19990210.0356 APW19990210.0359 APW19990224.0040 APW19990224.0042 APW19990414.0120 APW19990414.0141 APW19990414.0198 APW19990516.0013 APW19990516.0127 APW19990519.0068 APW19990519.0070 APW19990519.0141 NYT19980611.0392 NYT19981007.0265 NYT19981008.0282 NYT19981008.0324 NYT19981008.0331 NYT19981008.0371 NYT19981019.0198 NYT19981123.0242 NYT19981123.0382 NYT19990106.0221 NYT19990107.0373 NYT19990108.0368 NYT19990211.0114 NYT19990310.0333 NYT19990329.0296 NYT19990419.0260 NYT19990520.0073 NYT19990526.0034 NYT19990601.0311 NYT19991215.0229 NYT20000106.0089 NYT20000605.0264 XIE19971008.0082 XIE19971022.0099 XIE19981010.0047 XIE19990109.0245 XIE19990416.0045
307,APW19980602.0026 APW19980603.0021 APW19980810.1038 APW19981004.0451 APW19981130.0743 APW19981230.1192 APW19981231.0188 NYT19980815.0072 NYT19980901.0302 XIE19960112.0182 XIE19960115.0167 XIE19960116.0248 XIE19960120.0138 XIE19960211.0052 XIE19960223.0130 XIE19960322.0264 XIE19960327.0211 XIE19960424.0184 XIE19960506.0029 XIE19960508.0250 XIE19960514.0105 XIE19960522.0075 XIE19960604.0206 XIE19960604.0226 XIE19960612.0127 XIE19960619.0089 XIE19960623.0121 XIE19960624.0046 XIE19960628.0215 XIE19960701.0131 XIE19960802.0128 XIE19960806.0027 XIE19960806.0101 XIE19960815.0223 XIE19960827.0079 XIE19960913.0269 XIE19960915.0144 XIE19960928.0013 XIE19961004.0058 XIE19961105.0073 XIE19961111.0203 XIE19961203.0196 XIE19961209.0004 XIE19961210.0221 XIE19970110.0217 XIE19970120.0005 XIE19970121.0185 XIE19970212.0184 XIE19970218.0193 XIE19970227.0030 XIE19970302.0127 XIE19970311.0198 XIE19970324.0184 XIE19970417.0091 XIE19970421.0169 XIE19970424.0172 XIE19970512.0203 XIE19970513.0233 XIE19970602.0227 XIE19970627.0058 XIE19970627.0220 XIE19970726.0082 XIE19970801.0090 XIE19970805.0215 XIE19970825.0219 XIE19970829.0228 XIE19970930.0160 XIE19971013.0142 XIE19971014.0002 XIE19971019.0171 XIE19971028.0077 XIE19971028.0079 XIE19971028.0094 XIE19971029.0099 XIE19971103.0191 XIE19971103.0225 XIE19971105.0129 XIE19971105.0162 XIE19971106.0003 XIE19971106.0004 XIE19971107.0189 XIE19971108.0131 XIE19971110.0066 XIE19971120.0153 XIE19971120.0212 XIE19971121.0197 XIE19971202.0110 XIE19971211.0031 XIE19971211.0333 XIE19971217.0154 XIE19980128.0081 XIE19980217.0255 XIE19980301.0008 XIE19980308.0126 XIE19980310.0277 XIE19980312.0193 XIE19980312.0267 XIE19980318.0201 XIE19980322.0036 XIE19980426.0060 XIE19980429.0101 XIE19980502.0110 XIE19980511.0211 XIE19980521.0276 XIE19980526.0101 XIE19980601.0168 XIE19980629.0164 XIE19980702.0209 XIE19980710.0164 XIE19980811.0094 XIE19980811.0104 XIE19980812.0120 XIE19980813.0085 XIE19980818.0211 XIE19980819.0152 XIE19980820.0276 XIE19980821.0114 XIE19980824.0097 XIE19980824.0179 XIE19980918.0161 XIE19981006.0142 XIE19981007.0271 XIE19981013.0258 XIE19981026.0145 XIE19981028.0263 XIE19981029.0198 XIE19981110.0163 XIE19981111.0261 XIE19981114.0187 XIE19981121.0137 XIE19981201.0195 XIE19981201.0223 XIE19981213.0121 XIE19990101.0009 XIE19990210.0146 XIE19990307.0046 XIE19990316.0253 XIE19990324.0181 XIE19990501.0067 XIE19990507.0034 XIE19990512.0176 XIE19990530.0119 XIE19990610.0250 XIE19990624.0186 XIE19990831.0250 XIE19990914.0185 XIE19990915.0170 XIE19990920.0121 XIE19990923.0230 XIE19990928.0168 XIE19990928.0219 XIE19991001.0174 XIE19991017.0017 XIE19991025.0097 XIE19991026.0224 XIE19991108.0228 XIE19991109.0231 XIE19991111.0258 XIE19991205.0194 XIE19991209.0339 XIE19991228.0029 XIE19991231.0194 XIE20000103.0150 XIE20000109.0057 XIE20000202.0158 XIE20000216.0114 XIE20000227.0156 XIE20000312.0116 XIE20000329.0268 XIE20000331.0068 XIE20000404.0099 XIE20000404.0107 XIE20000418.0344 XIE20000509.0098 XIE20000524.0082 XIE20000525.0267 XIE20000602.0176 XIE20000606.0129 XIE20000607.0253 XIE20000621.0188 XIE20000627.0017 XIE20000704.0340 XIE20000707.0189 XIE20000813.0080 XIE20000821.0199 XIE20000821.0217 XIE20000919.0002 XIE20000920.0016 APW19980915.0811 APW19981116.1364 APW20000812.0037 NYT19980603.0152 NYT19980603.0153 NYT19980603.0157 NYT19980603.0158 NYT19980604.0069 NYT19980604.0070 NYT19980604.0073 NYT19980604.0074 XIE19960306.0247 XIE19960422.0139 XIE19960616.0076 XIE19960623.0122 XIE19960702.0101 XIE19960722.0003 XIE19960904.0206 XIE19960909.0080 XIE19960930.0037 XIE19961217.0184 XIE19961226.0101 XIE19970102.0072 XIE19970112.0039 XIE19970130.0249 XIE19970203.0033 XIE19970329.0152 XIE19970513.0237 XIE19970515.0211 XIE19970619.0251 XIE19970811.0146 XIE19970817.0064 XIE19970819.0246 XIE19970822.0251 XIE19970908.0095 XIE19970911.0159 XIE19970912.0014 XIE19971104.0258 XIE19971106.0209 XIE19971106.0212 XIE19971106.0232 XIE19971106.0234 XIE19971107.0117 XIE19971107.0246 XIE19971112.0090 XIE19971120.0235 XIE19971121.0198 XIE19980617.0181 XIE19990916.0265 XIE20000111.0283 XIE20000409.0027 XIE20000827.0172 XIE20000827.0270 XIE20000904.0217
310,APW19980625.0122 APW20000316.0014 APW20000511.0135 APW20000512.0139 NYT19980817.0237 NYT19980917.0141 NYT19981002.0045 NYT19981008.0150 NYT19981220.0057 NYT19981220.0058 NYT19981220.0059 NYT19990524.0289 NYT19990524.0294 NYT19990524.0338 NYT19990628.0067 NYT19990628.0080 NYT19990630.0091 NYT19990723.0319 NYT19990723.0389 NYT19990922.0078 NYT19991003.0408 NYT19991003.0450 NYT19991003.0452 NYT19991025.0233 NYT19991025.0270 NYT19991025.0333 NYT19991102.0069 NYT19991213.0270 NYT20000107.0218 NYT20000203.0075 NYT20000224.0139 NYT20000328.0129 NYT20000328.0130 NYT20000328.0131 NYT20000328.0132 NYT20000501.0284 NYT20000513.0001 NYT20000529.0120 NYT20000602.0065 NYT20000718.0219 NYT20000718.0301 NYT20000718.0429 NYT20000724.0091 NYT20000726.0313 XIE19960412.0272 XIE19960605.0052 XIE19960607.0016 XIE19960712.0021 XIE19961121.0300 XIE19970506.0203 XIE19970830.0001 XIE19990119.0072 XIE19990518.0154 XIE19990704.0099 XIE20000602.0070 XIE20000628.0163 APW19990615.0145 APW19990615.0273 APW19990723.0136 APW19990724.0024 APW20000608.0153 XIE19990508.0243 XIE19990525.0216 XIE20000425.0267 XIE20000513.0210
314,APW19980602.1331 APW19990412.0247 APW20000818.0177 NYT19980811.0189 NYT19980811.0190 NYT19990105.0152 NYT19990119.0157 NYT19990312.0291 NYT19990312.0292 NYT19990618.0314 NYT19990727.0159 NYT19990804.0233 NYT19990830.0302 NYT19991027.0089 NYT19991110.0232 NYT19991116.0230 NYT19991116.0398 NYT19991117.0376 NYT19991125.0131 NYT19991207.0146 NYT20000104.0106 NYT20000321.0224 NYT20000620.0190 NYT20000705.0321 NYT20000719.0327 NYT20000719.0329 NYT20000829.0332 NYT20000908.0237 NYT20000927.0092 XIE19960201.0238 XIE19960219.0095 XIE19960317.0151 XIE19960326.0073 XIE19960331.0055 XIE19960411.0126 XIE19960429.0219 XIE19960625.0204 XIE19960626.0151 XIE19960704.0165 XIE19960803.0175 XIE19960806.0149 XIE19960830.0163 XIE19960926.0208 XIE19961117.0034 XIE19961117.0035 XIE19961128.0066 XIE19970119.0116 XIE19970214.0164 XIE19970321.0091 XIE19970404.0074 XIE19970510.0148 XIE19970512.0081 XIE19970710.0162 XIE19970818.0099 XIE19971004.0131 XIE19971023.0255 XIE19971105.0203 XIE19971130.0095 XIE19980123.0202 XIE19980309.0225 XIE19980316.0196 XIE19980421.0186 XIE19980424.0040 XIE19980615.0228 XIE19980621.0177 XIE19980621.0184 XIE19980725.0137 XIE20000708.0105 XIE20000811.0138 APW19980617.1076 APW19990505.0156 APW19990902.0249 APW19990902.0252 APW20000305.0068 NYT19990330.0106 NYT19991118.0335
322,APW19980624.0725 APW19980630.0968 APW19980630.1064 APW19980706.0126 APW19980706.0162 APW19980706.0216 APW19980706.0303 APW19980706.0430 APW19980706.0885 APW19980706.0972 APW19990923.0258 APW20000310.0284 NYT19980626.0286 NYT19990519.0026 NYT19990531.0246 NYT19990601.0005 NYT19990615.0171 NYT19990701.0153 NYT19990701.0178 NYT19990720.0055 NYT19990720.0056 NYT19990727.0128 NYT19990804.0125 NYT19990804.0126 NYT19990915.0250 NYT19990915.0253 NYT19990922.0222 NYT20000510.0301 NYT20000510.0322 NYT20000511.0072 NYT20000901.0180 APW19980616.0385 APW19980617.0792 APW19980619.0435 APW19980619.0602 APW19980909.0465 APW19980925.0159 APW19981126.1188 APW19981127.0779 APW19981127.0785 APW19990712.0025 APW19990712.0229 APW19990813.0185 APW20000411.0080 APW20000522.0198 APW20000902.0086 APW20000929.0157 APW20000930.0056 NYT19980625.0590 NYT19980706.0306 NYT19980708.0338 NYT19980908.0191 NYT19980923.0336 NYT19981005.0300 NYT19990518.0383 NYT19990527.0013 NYT19990527.0260 NYT19990714.0401 NYT19990714.0409 NYT19990820.0378 NYT19990829.0075 NYT19990922.0228 NYT19991109.0453 NYT19991109.0454 NYT20000317.0252
325,APW19980612.0008 APW19980612.0826 APW19980706.0030 APW19980706.0560 APW19980718.0840 APW19980811.0512 APW19980910.0644 APW19980911.0578 APW19980917.0818 APW19981005.0247 APW19981022.1473 APW19981023.0003 APW19981023.0355 APW19981023.0747 APW19981123.0174 APW19981123.0203 APW19981123.0207 APW19981123.0212 APW19981202.0054 APW19981223.0426 APW19981226.0324 APW19990103.0007 APW19990104.0016 APW19990104.0211 APW19990108.0285 APW19990109.0076 APW19990110.0071 APW19990111.0137 APW19990112.0275 APW19990217.0058 APW19990324.0139 APW19990511.0169 APW19990805.0121 APW19990805.0258 APW19990817.0091 APW19990930.0179 APW19991013.0066 APW19991030.0109 APW19991030.0179 APW19991030.0185 APW20000129.0043 APW20000129.0044 APW20000129.0231 APW20000130.0010 APW20000221.0160 APW20000318.0095 APW20000319.0050 APW20000321.0034 APW20000321.0186 APW20000325.0048 APW20000326.0075 APW20000328.0262 APW20000331.0161 APW20000401.0043 APW20000402.0071 APW20000402.0074 APW20000402.0087 APW20000403.0029 APW20000403.0189 APW20000404.0126 APW20000405.0064 APW20000411.0222 APW20000422.0078 APW20000427.0091 APW20000428.0083 APW20000428.0089 APW20000428.0135 APW20000508.0190 APW20000719.0076 APW20000725.0002 APW20000725.0003 APW20000725.0025 APW20000906.0042 APW20000914.0018 NYT19980724.0283 NYT19980904.0105 NYT19980925.0154 NYT19981010.0042 NYT19981112.0251 NYT19981121.0126 NYT19990103.0065 NYT19990103.0133 NYT19990103.0145 NYT19990111.0174 NYT19990111.0188 NYT19990314.0168 NYT19990319.0194 NYT19990425.0090 NYT19990425.0200 NYT19990502.0191 NYT19990628.0282 NYT19990630.0023 NYT19990630.0024 NYT19990701.0341 NYT19990701.0342 NYT19990706.0288 NYT19990706.0340 NYT19990706.0383 NYT19990716.0095 NYT19990722.0220 NYT19990722.0433 NYT19990817.0097 NYT19990825.0076 NYT19990825.0092 NYT19990825.0095 NYT19990825.0101 NYT19990825.0109 NYT19990825.0360 NYT19990826.0330 NYT19990826.0331 NYT19990911.0120 NYT19991008.0249 NYT19991025.0424 NYT19991028.0385 NYT19991030.0143 NYT19991031.0051 NYT19991102.0228 NYT19991103.0329 NYT19991103.0459 NYT19991121.0101 NYT19991121.0154 NYT19991214.0083 NYT19991227.0363 NYT19991229.0231 NYT19991229.0242 NYT20000118.0152 NYT20000227.0025 NYT20000227.0181 NYT20000301.0150 NYT20000302.0398 NYT20000315.0296 NYT20000321.0351 NYT20000324.0396 NYT20000325.0098 NYT20000326.0109 NYT20000326.0114 NYT20000327.0369 NYT20000328.0218 NYT20000328.0340 NYT20000328.0346 NYT20000330.0289 NYT20000401.0111 NYT20000408.0057 NYT20000408.0058 NYT20000410.0031 NYT20000410.0032 NYT20000730.0150 NYT20000831.0261 NYT20000904.0157 NYT20000905.0049 XIE19960221.0145 XIE19960308.0281 XIE19960322.0238 XIE19960328.0068 XIE19960328.0173 XIE19960424.0085 XIE19960426.0011 XIE19960508.0226 XIE19961001.0239 XIE19961018.0215 XIE19970328.0188 XIE19980109.0287 XIE19980417.0030 XIE19980417.0115 XIE19980417.0117 XIE19980730.0011 XIE19981015.0285 XIE19990107.0028 XIE19990722.0201 XIE19990722.0225 XIE19990730.0077 XIE19990803.0118 XIE19990804.0105 XIE19990804.0109 XIE19990808.0061 XIE19990809.0060 XIE19990809.0145 XIE19990809.0192 XIE19990809.0201 XIE19990809.0211 XIE19990818.0119 XIE19990818.0174 XIE19990820.0189 XIE19990825.0156 XIE19990913.0168 XIE19991015.0561 XIE19991027.0057 XIE19991104.0224 XIE19991105.0119 XIE19991109.0254 XIE19991111.0241 XIE19991112.0285 XIE19991118.0220 XIE19991119.0003 XIE19991119.0239 XIE19991122.0181 XIE19991203.0159 XIE19991206.0149 XIE19991210.0025 XIE19991225.0140 XIE19991226.0030 XIE19991226.0031 XIE19991226.0048 XIE19991226.0064 XIE19991227.0100 XIE19991228.0066 XIE19991228.0239 XIE19991228.0240 XIE20000106.0100 XIE20000131.0119 XIE20000204.0086 XIE20000212.0070 XIE20000213.0093 XIE20000318.0033 XIE20000319.0006 XIE20000319.0069 XIE20000319.0090 XIE20000319.0196 XIE20000320.0040 XIE20000320.0142 XIE20000320.0324 XIE20000323.0033 XIE20000323.0080 XIE20000323.0192 XIE20000323.0271 XIE20000324.0016 XIE20000324.0018 XIE20000324.0050 XIE20000325.0055 XIE20000327.0171 XIE20000328.0207 XIE20000329.0009 XIE20000329.0150 XIE20000330.0006 XIE20000330.0028 XIE20000330.0046 XIE20000330.0048 XIE20000330.0069 XIE20000330.0187 XIE20000330.0216 XIE20000331.0011 XIE20000401.0128 XIE20000402.0005 XIE20000403.0008 XIE20000405.0037 XIE20000405.0188 XIE20000407.0215 XIE20000411.0220 XIE20000412.0054 XIE20000412.0229 XIE20000413.0216 XIE20000413.0248 XIE20000414.0116 XIE20000416.0136 XIE20000424.0155 XIE20000426.0210 XIE20000427.0216 XIE20000427.0217 XIE20000427.0367 XIE20000428.0070 XIE20000429.0082 XIE20000429.0085 XIE20000429.0147 XIE20000506.0020 XIE20000510.0172 XIE20000510.0174 XIE20000629.0211 XIE20000630.0244 XIE20000717.0146 XIE20000725.0230 XIE20000812.0083 XIE20000814.0139 XIE20000823.0027 XIE20000827.0015 XIE20000827.0344 XIE20000509.0273 XIE20000515.0181 XIE20000707.0164 XIE20000727.0346 XIE20000728.0111
330,APW19980619.0452 APW19980619.0460 APW19980620.0423 APW19980620.0458 APW19980624.0436 APW19980624.0607 APW19980706.0547 APW19980728.0628 APW19980728.0639 APW19980808.0083 APW19980808.0112 APW19980808.0160 APW19980809.0429 APW19980809.0546 APW19980813.0413 APW19980813.0508 APW19980813.0562 APW19980815.0148 APW19980815.0170 APW19980815.0412 APW19980815.0447 APW19980815.0456 APW19980905.0265 APW19980919.0850 APW19980929.0637 APW19980930.0522 APW19981029.0785 APW19981115.0249 APW19981216.1216 APW20000410.0132 NYT20000131.0443 XIE19960216.0238 XIE19960306.0001 XIE19960416.0103 XIE19960625.0057 XIE19960625.0182 XIE19960625.0188 XIE19960731.0117 XIE19960811.0009 XIE19960812.0062 XIE19960813.0065 XIE19960813.0212 XIE19960908.0113 XIE19961016.0067 XIE19961017.0167 XIE19961023.0164 XIE19961026.0091 XIE19961204.0035 XIE19961218.0106 XIE19961219.0085 XIE19961228.0038 XIE19970108.0046 XIE19970313.0098 XIE19970318.0159 XIE19970415.0281 XIE19970519.0034 XIE19970526.0005 XIE19970619.0109 XIE19970620.0081 XIE19970622.0014 XIE19970622.0080 XIE19970712.0103 XIE19970719.0066 XIE19970727.0067 XIE19970804.0066 XIE19970819.0036 XIE19970821.0200 XIE19970827.0035 XIE19970910.0090 XIE19970925.0118 XIE19970927.0078 XIE19971109.0048 XIE19971113.0173 XIE19971126.0071 XIE19971127.0068 XIE19971204.0120 XIE19971205.0317 XIE19971206.0038 XIE19971208.0044 XIE19971211.0146 XIE19971222.0111 XIE19971223.0146 XIE19980101.0081 XIE19980116.0036 XIE19980117.0060 XIE19980117.0145 XIE19980118.0004 XIE19980120.0034 XIE19980122.0005 XIE19980129.0093 XIE19980207.0064 XIE19980208.0012 XIE19980208.0091 XIE19980209.0166 XIE19980211.0067 XIE19980212.0161 XIE19980212.0173 XIE19980215.0030 XIE19980218.0125 XIE19980219.0055 XIE19980219.0218 XIE19980222.0020 XIE19980311.0060 XIE19980403.0188 XIE19980404.0119 XIE19980405.0048 XIE19980408.0006 XIE19980412.0024 XIE19980413.0059 XIE19980420.0008 XIE19980430.0078 XIE19980609.0114 XIE19980620.0065 XIE19980624.0102 XIE19980706.0035 XIE19980708.0039 XIE19980718.0034 XIE19980718.0118 XIE19980721.0088 XIE19980728.0126 XIE19980808.0099 XIE19980808.0120 XIE19980815.0052 XIE19980816.0012 XIE19980819.0037 XIE19980927.0071 XIE19980928.0030 XIE19980930.0093 XIE19981005.0010 XIE19981030.0160 XIE19981103.0085 XIE19981112.0158 XIE19981116.0124 XIE19981121.0102 XIE19981215.0145 XIE19981216.0004 XIE19981217.0289 XIE19981217.0315 XIE19981220.0045 XIE19990110.0080 XIE19990112.0040 XIE19990112.0139 XIE19990112.0154 XIE19990127.0040 XIE19990130.0019 XIE19990130.0068 XIE19990204.0146 XIE19990317.0044 XIE19990425.0033 XIE19990518.0077 XIE19990520.0001 XIE19990524.0177 XIE19990609.0007 XIE19990808.0119 XIE19990809.0019 XIE19990811.0022 XIE19990811.0028 XIE19990816.0097 XIE19990916.0007 XIE19990929.0156 XIE19991001.0001 XIE19991003.0040 XIE19991108.0101 XIE19991121.0061 XIE19991202.0014 XIE20000112.0040 XIE20000305.0013 XIE20000307.0078 XIE20000405.0008 XIE20000408.0025 XIE20000409.0118 XIE20000409.0219 XIE20000410.0158 XIE20000410.0321 XIE20000410.0323 XIE20000416.0084 XIE20000416.0109 XIE20000428.0045 XIE20000504.0018 XIE20000504.0068 XIE20000504.0098 XIE20000517.0023 XIE20000517.0083 XIE20000517.0119 XIE20000524.0019 XIE20000629.0227 XIE20000805.0028 XIE20000809.0120 XIE20000809.0281 XIE20000813.0057 XIE20000910.0009 XIE20000910.0034 XIE19980701.0044
336,APW19980610.1219 APW19981119.0585 APW19981119.1264 APW19991011.0171 APW20000323.0200 APW20000615.0162 APW20000622.0185 APW20000626.0106 APW20000704.0007 APW20000716.0047 APW20000720.0149 APW20000802.0179 APW20000906.0122 APW20000908.0104 NYT19980610.0592 NYT19980624.0537 NYT19990314.0042 NYT19990617.0501 NYT19990808.0126 NYT20000530.0269 NYT20000531.0403 NYT20000531.0404 NYT20000531.0406 NYT20000531.0407 NYT20000531.0409 NYT20000605.0105 NYT20000706.0242 NYT20000908.0398 NYT20000912.0435 NYT20000914.0144 NYT20000914.0220 NYT20000914.0335 XIE20000725.0314 APW19990809.0179 APW19990809.0282 APW19991011.0170 NYT19990704.0007 NYT19990819.0199 NYT20000602.0371 NYT20000628.0170 NYT20000906.0421 XIE19970816.0131
341,APW19980821.0583 APW19980821.0585 APW19980824.0132 APW19980824.0263 APW19980824.0472 APW19980824.0546 APW19980824.0687 APW19980824.0827 APW19981014.1063 APW20000118.0092 NYT19980602.0304 NYT19980602.0306 NYT19981010.0086 NYT19990113.0254 NYT19990608.0226 NYT19991221.0279 NYT19991221.0296 NYT19991221.0359 NYT19991223.0285 NYT20000106.0092 NYT20000111.0146 NYT20000112.0421 NYT20000117.0267 XIE19960724.0256 XIE19960831.0069 XIE19960918.0038 XIE19961213.0150 XIE19961227.0162 XIE19970716.0044 XIE19980415.0059 XIE19980822.0168 XIE19980824.0100 XIE20000529.0013 APW19990811.0369 NYT19980616.0123 NYT19990113.0253 NYT19991105.0012
344,APW19980814.0131 APW19980814.0273 APW19990303.0287 APW19990328.0084 APW19990331.0165 APW19990402.0126 APW19990428.0216 APW19990428.0318 APW19990507.0186 APW19990520.0087 APW19990520.0089 APW19990520.0110 APW19990528.0213 APW19990603.0231 APW19990608.0253 APW19990611.0212 APW19990715.0081 APW19990818.0262 APW19990827.0137 APW19990829.0105 APW19990930.0338 APW19991007.0264 APW19991007.0272 APW19991011.0226 APW19991012.0141 APW19991012.0220 APW20000501.0043 APW20000720.0135 APW20000801.0148 APW20000808.0092 APW20000908.0103 NYT19980617.0241 NYT19980617.0244 NYT19980629.0462 NYT19980715.0111 NYT19980716.0360 NYT19980719.0027 NYT19980722.0119 NYT19980727.0052 NYT19980820.0337 NYT19980828.0377 NYT19981110.0203 NYT19981110.0293 NYT19981110.0397 NYT19981111.0091 NYT19981116.0016 NYT19981118.0080 NYT19981213.0072 NYT19981216.0114 NYT19981217.0246 NYT19981227.0144 NYT19981227.0145 NYT19990105.0343 NYT19990120.0345 NYT19990405.0231 NYT19990406.0135 NYT19990406.0137 NYT19990407.0066 NYT19990407.0399 NYT19990420.0362 NYT19990421.0101 NYT19990509.0123 NYT19990509.0127 NYT19990517.0220 NYT19990518.0476 NYT19990519.0460 NYT19990520.0019 NYT19990520.0384 NYT19990520.0545 NYT19990525.0425 NYT19990527.0396 NYT19990527.0423 NYT19990530.0040 NYT19990530.0101 NYT19990606.0123 NYT19990607.0446 NYT19990610.0404 NYT19990610.0494 NYT19990615.0073 NYT19990615.0088 NYT19990615.0348 NYT19990624.0121 NYT19990630.0018 NYT19990630.0019 NYT19990714.0417 NYT19990715.0392 NYT19990715.0541 NYT19990715.0544 NYT19990817.0376 NYT19990822.0088 NYT19990825.0145 NYT19990830.0376 NYT19990830.0480 NYT19990920.0169 NYT19990922.0192 NYT19990922.0211 NYT19990922.0267 NYT19990927.0297 NYT19991130.0311 NYT19991215.0197 NYT19991229.0067 NYT20000313.0102 NYT20000315.0102 NYT20000404.0233 NYT20000404.0331 NYT20000416.0098 NYT20000519.0075 NYT20000519.0197 NYT20000601.0125 NYT20000618.0142 NYT20000802.0431 XIE19990831.0095 APW19980615.1164 APW20000915.0074 NYT19980819.0230 NYT19980821.0517 NYT19981023.0168 NYT19990531.0121 NYT19990602.0281 NYT20000218.0306 NYT20000221.0264 NYT20000616.0355 NYT20000824.0030
345,APW19980603.0652 APW19990422.0159 APW19990422.0304 APW19990629.0046 APW20000418.0151 NYT19990128.0367 NYT19990422.0379 NYT20000718.0319 XIE19960424.0006
347,APW19980603.0561 NYT19980810.0221 NYT19980916.0035 NYT19990426.0255 NYT20000210.0280 NYT20000210.0281 NYT20000210.0282 XIE19960427.0206 XIE19960518.0089 XIE19960604.0102 XIE19960604.0216 XIE19960605.0164 XIE19961101.0203 XIE19961128.0008 XIE19970306.0098 XIE19971108.0123 XIE19980115.0226 XIE19990427.0169 XIE19991015.0150 XIE20000303.0232 XIE20000508.0331 XIE20000901.0259 APW19980601.0405 APW19980603.0801 APW19980604.1129 APW19980608.0061 APW19980608.1442 APW19980609.0663 APW19980609.0713 APW19980610.0611 APW19980610.0909 APW19980611.0982 APW19980611.1295 APW19980612.0628 APW19980612.1024 APW19980819.0226 APW19980910.0150 APW19981122.1045 APW19981209.1755 APW19981214.0968 APW19981216.0340 APW19990729.0236 APW19990730.0127 APW20000411.0224 APW20000420.0125 NYT19980810.0246 NYT19990118.0221 NYT19990719.0349 NYT19991013.0096 NYT19991013.0099 NYT19991014.0096 NYT19991014.0099 NYT20000210.0270 NYT20000210.0271 NYT20000210.0272 NYT20000313.0258 NYT20000411.0229 NYT20000517.0341 XIE19960103.0131 XIE19960105.0044 XIE19960115.0239 XIE19960118.0177 XIE19960305.0247 XIE19960321.0075 XIE19960411.0208 XIE19960411.0251 XIE19960424.0099 XIE19960608.0168 XIE19960622.0125 XIE19960627.0017 XIE19960725.0131 XIE19960807.0061 XIE19960817.0128 XIE19960818.0074 XIE19960820.0167 XIE19960913.0185 XIE19960919.0302 XIE19961004.0023 XIE19961206.0228 XIE19961206.0243 XIE19970106.0096 XIE19970125.0180 XIE19970128.0178 XIE19970211.0186 XIE19970306.0151 XIE19970319.0197 XIE19970408.0285 XIE19970512.0217 XIE19970514.0221 XIE19970609.0009 XIE19970617.0276 XIE19970627.0130 XIE19970705.0019 XIE19971011.0245 XIE19971020.0082 XIE19971030.0121 XIE19971107.0044 XIE19971202.0315 XIE19971212.0238 XIE19971225.0046 XIE19980523.0070 XIE19980604.0278 XIE19980605.0222 XIE19980608.0083 XIE19980616.0241 XIE19980701.0253 XIE19980704.0122 XIE19980820.0004 XIE19981105.0262 XIE19981207.0051 XIE19981218.0059 XIE19981231.0006 XIE19981231.0166 XIE19990105.0289 XIE19990118.0029 XIE19990204.0173 XIE19990211.0261 XIE19990318.0331 XIE19990411.0088 XIE19990417.0109 XIE19990422.0339 XIE19990503.0168 XIE19990520.0256 XIE19990526.0198 XIE19990601.0045 XIE19990609.0202 XIE19990610.0257 XIE19990615.0234 XIE19990617.0054 XIE19990707.0235 XIE19990716.0171 XIE19990730.0205 XIE19990812.0226 XIE19990821.0044 XIE19990920.0246 XIE19990929.0194 XIE19991013.0026 XIE19991015.0066 XIE19991015.0102 XIE19991015.0107 XIE19991015.0137 XIE19991015.0190 XIE19991016.0220 XIE19991111.0293 XIE19991125.0260 XIE19991204.0032 XIE19991216.0179 XIE19991222.0289 XIE20000125.0249 XIE20000221.0162 XIE20000229.0230 XIE20000308.0254 XIE20000329.0205 XIE20000410.0009 XIE20000412.0047 XIE20000415.0116 XIE20000416.0044 XIE20000420.0040 XIE20000512.0014 XIE20000529.0106 XIE20000531.0205 XIE20000605.0115 XIE20000615.0161 XIE20000801.0107 XIE20000925.0124
353,NYT19980706.0187 NYT19990308.0276 XIE19960108.0201 XIE19960211.0154 XIE19960214.0227 XIE19960808.0098 XIE19961116.0200 XIE19961118.0108 XIE19970107.0102 XIE19970218.0245 XIE19970407.0157 XIE19970408.0276 XIE19970716.0221 XIE19971021.0109 XIE19980126.0096 XIE19980323.0012 XIE19980331.0145 XIE19980903.0229 XIE19981130.0166 XIE19990128.0096 XIE19970211.0080
354,APW19980604.1506 APW19980609.0136 APW19980609.0141 APW19980625.0975 APW19980625.1411 APW19980625.1425 APW19980820.0759 APW19980827.0917 APW19981008.0333 APW19981023.1173 APW19981101.0968 APW19981202.0242 APW19981202.0264 APW19981202.0270 APW19981202.0330 APW19981202.0331 APW19981202.0353 APW19990430.0078 APW19990430.0079 NYT19980613.0096 NYT19990514.0055 NYT19990720.0196 NYT19990722.0320 NYT19990813.0319 NYT19991229.0284 NYT20000103.0059 NYT20000103.0060 NYT20000103.0061 NYT20000309.0445 NYT20000312.0075 NYT20000503.0296 NYT20000703.0320 NYT20000709.0098 NYT20000710.0056 NYT20000710.0057 NYT20000711.0361 NYT20000906.0383 XIE19980826.0188 XIE20000414.0158 XIE20000513.0052 XIE20000514.0084 XIE20000514.0124 APW19980606.0153 APW19980606.0157 APW19980606.0324 APW19980606.0343 APW19980607.0193 APW19980607.0236 APW19980607.0300 APW19980611.0578 APW19980611.1183 APW19980612.0844 APW19980614.0266 APW19980615.0339 APW19980615.1025 APW19980616.0337 APW19980616.1312 APW19980617.0781 APW19980618.0945 APW19980624.0544 APW19980624.0688 APW19980629.0527 APW19980704.0284 APW19980714.0569 APW19980716.0431 APW19980717.0176 APW19980717.0840 APW19980721.0098 APW19980724.0540 APW19980728.0209 APW19980728.0514 APW19980729.0417 APW19980810.1117 APW19980816.0163 APW19980820.0479 APW19980827.0237 APW19980827.0305 APW19980827.0622 APW19980827.1082 APW19980828.1026 APW19980829.0429 APW19980909.0572 APW19980915.0113 APW19980915.0223 APW19980921.0309 APW19981026.0965 APW19981027.1460 APW19981103.0717 APW19981111.1467 APW19981118.0397 APW19981118.0940 APW19981121.0666 APW19981121.0672 APW19981208.0482 APW19981211.0428 APW19981218.0618 APW19981218.1035 APW19981218.1041 APW19981219.0367 APW19981220.0360 APW19981222.0622 APW19981222.0879 APW19981222.0906 APW19981223.0471 APW19981223.0658 APW19981223.0786 APW19981224.0329 APW19981231.0213 APW19981231.0486 APW19990125.0048 APW19990125.0312 APW19990318.0098 APW19990322.0207 APW19990325.0186 APW19990503.0186 APW19990505.0108 APW19990505.0133 APW19990729.0352 APW19990922.0002 APW19990922.0003 APW19990922.0237 APW19990922.0238 APW20000106.0296 APW20000107.0031 APW20000203.0056 APW20000204.0262 APW20000205.0166 APW20000215.0058 APW20000215.0224 APW20000216.0059 APW20000216.0155 APW20000216.0217 APW20000313.0241 APW20000314.0164 APW20000314.0228 APW20000322.0061 APW20000325.0038 APW20000403.0140 APW20000417.0232 APW20000423.0053 APW20000424.0005 APW20000428.0147 APW20000429.0103 APW20000503.0179 APW20000514.0009 APW20000525.0046 APW20000525.0047 APW20000525.0139 APW20000526.0091 APW20000526.0143 APW20000527.0003 APW20000527.0014 APW20000527.0021 APW20000527.0052 APW20000527.0076 APW20000527.0142 APW20000528.0033 APW20000528.0053 APW20000529.0015 APW20000529.0047 APW20000603.0039 APW20000603.0079 APW20000612.0075 APW20000614.0216 APW20000705.0090 APW20000711.0071 APW20000717.0103 APW20000802.0115 APW20000817.0053 APW20000817.0087 APW20000819.0072 APW20000827.0043 APW20000828.0010 APW20000909.0039 APW20000909.0093 APW20000910.0077 APW20000916.0061 APW20000917.0043 APW20000917.0049 APW20000917.0071 APW20000920.0031 APW20000920.0127 APW20000920.0159 APW20000920.0177 APW20000922.0019 NYT19980611.0120 NYT19980611.0318 NYT19980612.0095 NYT19980616.0101 NYT19980715.0553 NYT19980721.0148 NYT19980721.0149 NYT19980722.0149 NYT19980722.0150 NYT19980723.0141 NYT19980723.0142 NYT19981022.0280 NYT19981112.0413 NYT19981127.0212 NYT19981129.0027 NYT19981129.0091 NYT19981208.0294 NYT19981217.0261 NYT19990117.0124 NYT19990122.0480 NYT19990125.0237 NYT19990203.0093 NYT19990203.0094 NYT19990208.0388 NYT19990322.0417 NYT19990327.0074 NYT19990328.0102 NYT19990328.0140 NYT19990402.0228 NYT19990416.0147 NYT19990416.0148 NYT19990416.0149 NYT19990504.0185 NYT19990504.0186 NYT19990505.0116 NYT19990505.0117 NYT19990602.0356 NYT19990614.0412 NYT19990704.0102 NYT19990716.0141 NYT19990723.0182 NYT19990922.0006 NYT19991014.0305 NYT19991020.0389 NYT19991103.0344 NYT20000203.0258 NYT20000209.0208 NYT20000215.0414 NYT20000215.0415 NYT20000301.0344 NYT20000302.0313 NYT20000324.0322 NYT20000324.0324 NYT20000410.0312 NYT20000410.0313 NYT20000501.0167 NYT20000503.0109 NYT20000525.0341 NYT20000527.0056 NYT20000527.0057 NYT20000619.0121 NYT20000708.0042 NYT20000708.0043 NYT20000904.0295 NYT20000909.0099 NYT20000913.0220 NYT20000919.0272 NYT20000920.0229 XIE19960109.0002 XIE19960208.0313 XIE19960618.0038 XIE19961212.0231 XIE19970216.0084 XIE19970315.0123 XIE19970405.0148 XIE19970817.0042 XIE19970822.0074 XIE19971004.0082 XIE19971004.0092 XIE19980403.0335 XIE19980416.0222 XIE19980705.0013 XIE19981020.0161 XIE19981027.0262 XIE19990311.0057 XIE19990320.0060 XIE19990412.0003 XIE19990420.0258 XIE19990425.0054 XIE19990508.0111 XIE19990508.0149 XIE19990508.0216 XIE19990509.0099 XIE19990509.0153 XIE19990509.0188 XIE19990509.0247 XIE19990510.0005 XIE19990510.0062 XIE19990510.0066 XIE19990510.0069 XIE19990510.0112 XIE19990510.0210 XIE19990510.0238 XIE19990511.0181 XIE19990511.0229 XIE19990511.0290 XIE19990511.0321 XIE19990511.0332 XIE19990511.0357 XIE19990512.0086 XIE19990512.0197 XIE19990512.0273 XIE19990513.0206 XIE19990513.0237 XIE19990513.0286 XIE19990514.0180 XIE19990515.0236 XIE19990516.0039 XIE19990518.0075 XIE19990518.0105 XIE19990519.0276 XIE19990520.0208 XIE19990525.0072 XIE19990526.0079 XIE19990527.0126 XIE19990810.0167 XIE19990818.0063 XIE19990818.0326 XIE19990819.0117 XIE19990910.0078 XIE19990922.0220 XIE19991022.0269 XIE19991112.0343 XIE19991117.0188 XIE19991223.0256 XIE20000221.0116 XIE20000503.0091 XIE20000508.0268 XIE20000516.0127 XIE20000522.0186 XIE20000524.0356 XIE20000529.0101 XIE20000629.0125 XIE20000629.0151 XIE20000702.0048 XIE20000702.0059 XIE20000705.0027 XIE20000708.0057 XIE20000709.0007 XIE20000710.0113 XIE20000711.0016 XIE20000713.0010 XIE20000714.0203 XIE20000717.0136 XIE20000717.0166 XIE20000718.0103 XIE20000718.0141 XIE20000728.0057 XIE20000729.0083 XIE20000730.0129 XIE20000807.0133 XIE20000814.0251 XIE20000814.0252 XIE20000819.0024 XIE20000819.0048 XIE20000819.0072 XIE20000820.0123 XIE20000826.0025 XIE20000826.0083 XIE20000826.0308 XIE20000826.0366 XIE20000827.0060 XIE20000827.0063 XIE20000827.0064 XIE20000827.0327 XIE20000827.0330 XIE20000827.0331 XIE20000909.0062 XIE20000909.0063 XIE20000909.0090 XIE20000909.0113 XIE20000910.0099 XIE20000912.0077 XIE20000914.0373 XIE20000915.0254 XIE20000917.0047 XIE20000917.0079 XIE20000917.0155 XIE20000920.0049 XIE20000920.0253 XIE20000920.0330
362,APW19980801.0557 APW19980805.0328 APW19981021.1018 APW19981022.1024 APW19981027.0742 APW19981027.1018 APW19981027.1033 APW19981221.0334 APW19990120.0265 APW19990204.0010 APW19990205.0130 APW19990330.0141 APW19990402.0074 APW20000103.0214 APW20000104.0049 APW20000223.0294 APW20000621.0220 APW20000622.0050 APW20000623.0027 APW20000623.0124 APW20000626.0046 APW20000628.0086 APW20000708.0060 APW20000813.0005 APW20000825.0165 APW20000907.0077 APW20000920.0071 APW20000923.0042 NYT19980603.0556 NYT19980612.0436 NYT19980624.0512 NYT19980710.0406 NYT19980810.0396 NYT19980810.0397 NYT19981209.0163 NYT19990307.0125 NYT19990307.0126 NYT19990307.0155 NYT19990311.0189 NYT19990311.0462 NYT19990322.0481 NYT19990513.0491 NYT19990525.0403 NYT19990602.0082 NYT19990617.0387 NYT19990712.0298 NYT19990828.0145 NYT19990910.0009 NYT19990910.0012 NYT19990910.0300 NYT19991222.0357 NYT19991222.0367 NYT19991222.0384 NYT20000103.0378 NYT20000104.0253 NYT20000110.0410 NYT20000110.0412 NYT20000111.0004 NYT20000112.0033 NYT20000505.0313 NYT20000620.0291 NYT20000707.0291 NYT20000712.0172 NYT20000712.0173 NYT20000712.0174 NYT20000821.0424 XIE19970712.0142 XIE19981010.0137 XIE19981022.0266 XIE19981122.0131 XIE19990607.0198 XIE19990828.0052 XIE19991106.0090 XIE19991115.0217 XIE20000607.0202 XIE20000715.0075 XIE20000804.0150 XIE20000804.0151 XIE20000808.0245 XIE20000821.0238 XIE20000908.0086 APW19980704.0341 APW19980731.0760 APW19980820.0270 APW19980824.0166 APW19981027.0898 APW19981028.0245 APW19981129.0256 APW19981205.0446 APW19990403.0015 APW19990525.0185 APW19990604.0030 APW19990701.0081 APW19990802.0205 APW19990902.0285 APW19990903.0208 APW20000104.0247 APW20000105.0042 APW20000111.0386 APW20000129.0058 APW20000212.0110 APW20000212.0112 APW20000212.0123 APW20000308.0229 APW20000621.0028 APW20000703.0051 APW20000707.0006 APW20000908.0055 NYT19980601.0564 NYT19980611.0438 NYT19980614.0196 NYT19980818.0473 NYT19980819.0536 NYT19981120.0297 NYT19981120.0352 NYT19981120.0435 NYT19981120.0516 NYT19981122.0198 NYT19981210.0269 NYT19981210.0474 NYT19981210.0565 NYT19981219.0219 NYT19981223.0428 NYT19981228.0417 NYT19990131.0227 NYT19990204.0195 NYT19990313.0147 NYT19990313.0155 NYT19990313.0208 NYT19990316.0058 NYT19990420.0441 NYT19990811.0338 NYT19990813.0344 NYT19990814.0207 NYT19990819.0272 NYT19990830.0390 NYT19990903.0003 NYT19990903.0006 NYT19990910.0410 NYT19990911.0004 NYT19990911.0007 NYT19990921.0437 NYT19990922.0390 NYT20000103.0368 NYT20000111.0293 NYT20000111.0353 NYT20000111.0385 NYT20000111.0414 NYT20000111.0417 NYT20000209.0397 NYT20000214.0329 NYT20000222.0323 NYT20000226.0072 NYT20000401.0101 NYT20000622.0326 NYT20000623.0121 NYT20000623.0130 NYT20000624.0119 NYT20000701.0077 NYT20000703.0016 NYT20000703.0227 NYT20000717.0216 NYT20000809.0051 NYT20000920.0392 NYT20000923.0063 NYT20000923.0065 XIE19960812.0173 XIE19971126.0122 XIE19980105.0156 XIE19990312.0299 XIE19991203.0201 XIE20000120.0319 XIE20000622.0079 XIE20000630.0094 XIE20000705.0145
363,APW19980605.1780 APW19981023.0151 APW19981102.0903 APW19981122.0682 APW19981130.0211 APW19981211.1051 APW20000308.0007 APW20000308.0249 APW20000308.0253 APW20000713.0003 APW20000905.0044 APW20000919.0285 NYT19990326.0425 NYT19990326.0426 NYT19990326.0427 XIE19980724.0185 XIE20000421.0051 APW19980909.0521 APW19981028.0901 APW19981110.0109 APW19981110.0279 APW19990128.0167 APW19990129.0016 APW19990316.0019 APW19990326.0149 APW19990326.0186 APW19990326.0187 APW19990326.0266 APW19990326.0289 APW19990327.0085 APW19990413.0019 APW19990413.0172 APW19990414.0125 APW19990529.0036 APW19990701.0258 APW19990701.0260 APW19990826.0133 APW19990826.0185 APW19990912.0127 APW20000116.0081 APW20000313.0082 APW20000323.0209 APW20000420.0224 APW20000501.0156 APW20000501.0161 NYT19980608.0479 NYT19980608.0482 NYT19980609.0421 NYT19980610.0456 NYT19980610.0471 NYT19980612.0195 NYT19980613.0004 NYT19980627.0083 NYT19980829.0133 NYT19990326.0289 NYT19990326.0311 NYT19990326.0325 NYT19990701.0317 NYT19990816.0319 NYT19991122.0354 NYT20000830.0310 XIE19960124.0081 XIE19960211.0140 XIE19960211.0147 XIE19960212.0062 XIE19960217.0022 XIE19960907.0083 XIE19961008.0274 XIE19961119.0067 XIE19961119.0138 XIE19961120.0053 XIE19961120.0134 XIE19961122.0017 XIE19961204.0145 XIE19961205.0051 XIE19961211.0303 XIE19970405.0031 XIE19970416.0147 XIE19970417.0052 XIE19970831.0110 XIE19970831.0122 XIE19970831.0129 XIE19970831.0160 XIE19970831.0162 XIE19970903.0134 XIE19970904.0125 XIE19970917.0193 XIE19970919.0081 XIE19971231.0135 XIE19980115.0185 XIE19980115.0190 XIE19980925.0091 XIE19990326.0120 XIE19990326.0133 XIE19990327.0143 XIE19990422.0093 XIE19990730.0013 XIE19990730.0122 XIE19990804.0100 XIE19990910.0018 XIE19990918.0033 XIE19990924.0112 XIE19990927.0107 XIE19991206.0029 XIE19991206.0255 XIE20000113.0260 XIE20000201.0266 XIE20000204.0173 XIE20000307.0043 XIE20000616.0018 XIE20000814.0126
367,APW19980603.1349 APW19980826.0015 APW20000425.0096 APW20000425.0221 APW20000427.0086 NYT19990204.0433 NYT20000803.0317 XIE19960127.0158 XIE19961001.0022 XIE19981224.0170 XIE20000202.0138 APW19980601.1065 APW19980609.0363 APW19980610.1034 APW19980615.0002 APW19980705.0107 APW19980728.0220 APW19980807.0461 APW19980916.0687 APW19981020.0215 APW19981020.0273 APW19981120.0636 APW19981202.0232 APW19981207.1675 APW19981229.0264 APW19981231.0214 APW19981231.0270 APW19991007.0328 APW20000119.0190 APW20000119.0355 APW20000120.0051 APW20000128.0142 APW20000129.0003 APW20000129.0008 APW20000403.0175 APW20000425.0051 APW20000520.0025 APW20000626.0053 NYT19980626.0096 NYT19980810.0063 NYT19980812.0402 NYT20000125.0052 NYT20000125.0053 NYT20000821.0338 NYT20000822.0118 NYT20000906.0053 NYT20000906.0054 NYT20000906.0060 NYT20000906.0104 NYT20000906.0118 NYT20000906.0138 NYT20000906.0150 NYT20000906.0157 NYT20000913.0272 XIE19960218.0099 XIE19960821.0175 XIE19960927.0212 XIE19970106.0054 XIE19970107.0030 XIE19970122.0108 XIE19970715.0206 XIE19970808.0169 XIE19970819.0173 XIE19980121.0021 XIE19980212.0303 XIE19980413.0016 XIE19980413.0192 XIE19980505.0040 XIE19980627.0048 XIE19980720.0120 XIE19980807.0114 XIE19981002.0015 XIE19981018.0019 XIE19990203.0111 XIE19990304.0086 XIE19990307.0133 XIE19990317.0150 XIE19990605.0143 XIE19990626.0118 XIE19990818.0111 XIE19991019.0158 XIE19991124.0236 XIE19991211.0156 XIE19991211.0184 XIE19991222.0145 XIE20000202.0190 XIE20000217.0109 XIE20000424.0068 XIE20000424.0074 XIE20000428.0052 XIE20000506.0150 XIE20000510.0244 XIE20000803.0091 XIE20000821.0076 XIE20000919.0129
372,APW19990508.0040 APW19990517.0042 APW19990603.0029 APW19990603.0145 APW19990811.0354 APW19990826.0056 APW19990827.0180 APW19990828.0131 APW19990901.0068 APW19990909.0200 APW19990910.0222 APW19990910.0243 APW19990910.0263 APW19990914.0133 APW19991027.0347 APW19991028.0301 APW20000216.0213 APW20000216.0228 APW20000216.0326 APW20000217.0030 APW20000309.0057 APW20000315.0055 APW20000901.0039 APW20000901.0041 NYT19980609.0398 NYT19980611.0384 NYT19980615.0187 NYT19980626.0001 NYT19980717.0004 NYT19980809.0073 NYT19980818.0079 NYT19981009.0152 NYT19981012.0295 NYT19981229.0418 NYT19990107.0411 NYT19990107.0412 NYT19990202.0076 NYT19990220.0092 NYT19990220.0093 NYT19990222.0074 NYT19990222.0075 NYT19990226.0363 NYT19990315.0428 NYT19990411.0200 NYT19990415.0508 NYT19990429.0510 NYT19990429.0511 NYT19990519.0114 NYT19990827.0397 NYT19990921.0018 NYT19991018.0284 NYT20000215.0450 NYT20000222.0010 NYT20000306.0532 NYT20000309.0344 NYT20000309.0421 NYT20000412.0437 NYT20000416.0215 APW19990617.0021 APW20000318.0028
374,APW19980607.0621 APW19980609.0629 APW19980623.0189 APW19980724.1358 APW19980725.0024 APW19980725.0108 APW19980726.0029 APW19980805.0149 APW19980805.0243 APW19981007.1355 APW19981008.0331 APW19981008.0337 APW19981008.0483 APW19981008.1014 APW19981010.0817 APW19981011.0541 APW19981012.0222 APW19981012.0226 APW19981013.0217 APW19981013.0220 APW19981013.0304 APW19981013.0514 APW19981013.0517 APW19981014.0225 APW19981014.0228 APW19981014.0247 APW19981014.1063 APW19981016.0167 APW19981016.0171 APW19981016.0287 APW19981016.0288 APW19981016.0795 APW19981016.0884 APW19981023.0279 APW19981023.0720 APW19981023.1020 APW19981023.1042 APW19981205.0768 APW19981207.1143 APW19981207.1568 APW19981209.0356 APW19990215.0067 APW19990830.0166 APW19990929.0156 APW19991006.0212 APW20000125.0239 APW20000811.0077 APW20000817.0166 APW20000822.0107 APW20000824.0183 APW20000825.0154 APW20000903.0087 APW20000914.0178 APW20000921.0210 APW20000927.0211 NYT19980608.0441 NYT19980728.0335 NYT19980901.0180 NYT19980901.0181 NYT19980902.0138 NYT19980902.0139 NYT19980902.0173 NYT19980903.0067 NYT19980903.0068 NYT19981006.0298 NYT19981013.0334 NYT19981016.0044 NYT19990319.0178 NYT19990420.0004 NYT19990519.0164 NYT19990907.0304 NYT20000119.0179 XIE19960309.0215 XIE19960510.0221 XIE19961025.0274 XIE19970227.0249 XIE19970605.0087 XIE19970724.0137 XIE19971009.0149 XIE19971009.0166 XIE19971010.0158 XIE19971011.0028 XIE19971011.0251 XIE19971016.0006 XIE19980421.0274 XIE19980421.0290 XIE19980506.0003 XIE19980528.0028 XIE19980612.0240 XIE19980730.0228 XIE19980809.0166 XIE19980829.0122 XIE19981008.0141 XIE19981016.0051 XIE19981016.0121 XIE19981016.0134 XIE19981017.0020 XIE19981017.0165 XIE19981212.0042 XIE19981226.0045 XIE19990326.0026 XIE19990520.0316 XIE19990603.0032 XIE19990621.0117 XIE19990911.0003 XIE19991012.0148 XIE19991012.0163 XIE19991015.0537 XIE19991030.0117 XIE19991217.0143 XIE20000509.0001 XIE20000716.0063 XIE20000804.0082 XIE20000805.0063 XIE20000807.0235 XIE20000812.0138 XIE20000921.0086 APW19980917.0783 APW19981008.0363 APW19981008.0382 APW19981008.0421 APW19981008.0440 APW19981008.0461 APW19981008.0476 APW19981008.0523 APW19981008.0567 APW19981008.0608 APW19981008.0633 APW19981008.0651 APW19981008.0720 APW19981008.0769 APW19981008.0936 APW19981012.0051 APW19981012.0243 APW19981012.0252 APW19981012.0267 APW19981012.0285 APW19981012.0292 APW19981012.0327 APW19981012.0399 APW19981012.0401 APW19981012.0447 APW19981012.0480 APW19981012.0537 APW19981012.0625 APW19981012.0642 APW19981012.0682 APW19981012.0883 APW19981012.1221 APW19981012.1381 APW19981013.0042 APW19981013.0242 APW19981013.0257 APW19981013.0267 APW19981013.0273 APW19981013.0276 APW19981013.0298 APW19981013.0337 APW19981013.0369 APW19981013.0374 APW19981013.0446 APW19981013.0493 APW19981013.0545 APW19981013.0567 APW19981013.0592 APW19981013.0612 APW19981013.0633 APW19981013.0636 APW19981013.0712 APW19981013.0779 APW19981013.0844 APW19981013.0985 APW19981013.1077 APW19981013.1365 APW19981013.1407 APW19981014.0252 APW19981014.0265 APW19981014.0267 APW19981014.0290 APW19981014.0409 APW19981014.0566 APW19981014.0729 APW19981014.0785 APW19981014.1002 APW19981014.1194 APW19981014.1358 APW19981016.0193 APW19981016.0202 APW19981016.0221 APW19981016.0228 APW19981016.0231 APW19981016.0236 APW19981016.0257 APW19981016.0264 APW19981016.0268 APW19981016.0273 APW19981016.0286 APW19981016.0293 APW19981016.0299 APW19981016.0324 APW19981016.0330 APW19981016.0350 APW19981016.0397 APW19981016.0433 APW19981016.0474 APW19981016.0886 APW19981016.0898 APW19981209.0952 APW19981209.1278 APW19981210.0354 APW19981210.0523 APW19981210.0641 APW19981210.0662 APW19981210.0994 APW19981210.0998 APW19981210.1036 APW19981210.1092 APW19981210.1130 APW19981210.1148 APW19981210.1344 APW19981210.1407 APW19981210.1441 APW19981216.1733 APW19981220.0662 APW19981230.1123 APW19990222.0085 APW19990318.0345 APW19990930.0047 APW19990930.0048 APW19990930.0067 APW19991011.0073 APW19991011.0120 APW19991011.0300 APW19991012.0024 APW19991012.0067 APW19991012.0068 APW19991012.0070 APW19991013.0157 APW19991015.0024 APW20000128.0049 NYT19980629.0287 NYT19980713.0262 NYT19981012.0334 NYT19981012.0389 NYT19981012.0392 NYT19981012.0394 NYT19981013.0262 NYT19981014.0076 NYT19981016.0182 NYT19981016.0203 NYT19981016.0338 NYT19981016.0353 NYT19981017.0007 NYT19981017.0015 NYT19990320.0060 NYT19990320.0233 NYT19991011.0352 NYT19991012.0113 NYT19991016.0041 NYT19991016.0043 NYT19991018.0124 NYT19991018.0126 XIE19961003.0084 XIE19961007.0074 XIE19961008.0137 XIE19961009.0130 XIE19961012.0047 XIE19961211.0231 XIE19971009.0092 XIE19971211.0247 XIE19981008.0089 XIE19981013.0024 XIE19981211.0335 XIE19991012.0077 XIE19991013.0003 XIE19991013.0076 XIE19991014.0186 XIE19991016.0063
375,APW19980817.0330 APW19990103.0030 APW19990103.0050 APW19990316.0294 APW19990317.0117 APW19990317.0123 APW19990317.0176 APW19990317.0359 APW19990317.0360 APW19990328.0007 APW19990411.0027 APW19990411.0075 APW19990418.0109 APW19990419.0020 APW19990419.0080 APW19990419.0081 APW19990419.0260 APW19990420.0135 APW19990611.0166 APW19990817.0242 APW19991014.0216 APW20000518.0056 NYT19980714.0429 NYT19980928.0169 NYT19990402.0198 NYT19990607.0184 NYT19990607.0222 NYT19990607.0231 NYT19990607.0290 NYT19990608.0028 NYT19990608.0433 NYT19990830.0377 NYT19991003.0901 NYT19991007.0076 NYT19991030.0130 NYT19991219.0127 NYT20000123.0039 NYT20000526.0206 NYT20000630.0094 NYT20000703.0124 NYT20000711.0087 NYT20000713.0049 NYT20000713.0084 NYT20000821.0321 XIE19970108.0033 XIE19970131.0193 XIE19970424.0245 XIE19980818.0296 XIE19990318.0033 XIE19990420.0006
378,APW19980907.0709 APW19980922.0517 APW19980924.0622 APW19980924.0735 APW19980924.1333 APW19981006.0362 APW19981220.0261 APW19981230.1064 APW19981230.1094 APW19981231.0408 APW19981231.0436 APW19981231.0617 APW19990104.0225 APW19990104.0226 APW19990228.0094 APW19990301.0140 APW19990607.0248 APW19990614.0264 APW19990726.0077 APW19990726.0191 APW19990906.0033 APW20000121.0123 APW20000309.0161 APW20000311.0061 APW20000503.0165 NYT19980620.0073 NYT19981223.0068 NYT19981223.0075 NYT19981231.0249 NYT19981231.0286 NYT19990101.0097 NYT19990103.0077 NYT19990103.0119 NYT19990104.0400 NYT19990104.0432 NYT19990203.0141 NYT19991015.0282 NYT19991101.0404 NYT20000905.0302 NYT20000909.0066 NYT20000927.0364 XIE19960314.0091 XIE19960620.0313 XIE19960723.0019 XIE19970317.0042 XIE19970426.0049 XIE19971217.0034 XIE19980113.0049 XIE19980423.0003 XIE19991102.0025 XIE20000610.0088 XIE20000904.0265
383,NYT20000117.0047 APW19981124.1461 APW19981207.1614 APW19981207.1619 APW19990113.0261 APW19990114.0228 APW19990115.0142 APW19990124.0013 APW19990124.0031 APW19990125.0139 APW19990217.0052 APW19990219.0212 APW19990310.0149 APW19990319.0244 APW19990327.0066 APW19990329.0167 APW19990414.0204 APW19990414.0267 APW19990415.0251 APW19990419.0146 APW19990419.0170 APW19990514.0267 APW19990527.0211 APW19990601.0134 APW19990601.0217 APW19990802.0178 APW19990802.0194 APW19990827.0024 APW19991008.0263 APW19991010.0053 APW19991010.0096 APW20000111.0274 APW20000209.0002 APW20000222.0345 APW20000225.0035 APW20000307.0001 APW20000315.0285 APW20000329.0026 APW20000413.0076 APW20000523.0020 APW20000706.0070 APW20000802.0047 APW20000909.0074 NYT19980715.0388 NYT19980808.0001 NYT19980909.0222 NYT19980922.0117 NYT19981008.0166 NYT19981009.0514 NYT19981009.0516 NYT19981009.0517 NYT19981111.0228 NYT19981118.0121 NYT19981118.0159 NYT19981118.0162 NYT19981118.0163 NYT19981118.0165 NYT19981118.0168 NYT19981118.0172 NYT19981118.0176 NYT19981118.0179 NYT19981119.0163 NYT19981207.0393 NYT19981231.0110 NYT19990105.0401 NYT19990105.0437 NYT19990110.0110 NYT19990124.0058 NYT19990124.0128 NYT19990124.0184 NYT19990125.0443 NYT19990129.0267 NYT19990206.0092 NYT19990206.0093 NYT19990208.0059 NYT19990208.0060 NYT19990318.0321 NYT19990318.0361 NYT19990323.0117 NYT19990406.0004 NYT19990429.0480 NYT19990513.0263 NYT19990514.0167 NYT19990514.0231 NYT19990518.0203 NYT19990726.0290 NYT19990728.0426 NYT19990816.0198 NYT19990829.0050 NYT19990920.0246 NYT19991003.0422 NYT19991003.0433 NYT19991105.0002 NYT19991108.0285 NYT19991112.0083 NYT19991124.0380 NYT19991124.0382 NYT19991124.0396 NYT19991206.0109 NYT20000117.0046 NYT20000208.0171 NYT20000304.0146 NYT20000319.0172 NYT20000319.0216 NYT20000408.0072 NYT20000408.0074 NYT20000409.0108 NYT20000409.0131 NYT20000410.0038 NYT20000410.0039 NYT20000416.0044 NYT20000416.0052 NYT20000418.0130 NYT20000508.0216 NYT20000508.0217 NYT20000509.0060 NYT20000509.0062 NYT20000509.0064 NYT20000515.0050 NYT20000522.0367 NYT20000527.0077 NYT20000607.0297 NYT20000607.0318 NYT20000612.0293 NYT20000612.0555 NYT20000612.0569 NYT20000628.0200 NYT20000712.0060 NYT20000717.0306 NYT20000717.0310 NYT20000722.0115 NYT20000724.0081 NYT20000809.0368 NYT20000821.0271 NYT20000830.0374 NYT20000925.0105 XIE19971110.0128
389,APW19980606.0680 APW19980615.0399 APW19980617.0135 APW19980619.1210 APW19980715.1050 APW19980728.0918 APW19980729.0286 APW19980729.0452 APW19980729.0663 APW19980905.0289 APW19981216.1418 APW19981216.1548 APW19990311.0022 APW19990314.0086 APW19990314.0094 APW19990315.0104 APW19990315.0194 APW19990316.0238 APW19990421.0228 APW19990422.0281 APW19990501.0027 APW19990501.0141 APW19990506.0324 APW19990507.0239 APW19990524.0048 APW19990524.0076 APW19990525.0092 APW19990525.0156 APW19990525.0233 APW19990525.0234 APW19990629.0176 APW19990803.0018 APW19991019.0050 APW19991019.0342 APW20000201.0191 APW20000221.0069 APW20000222.0007 APW20000222.0015 APW20000405.0057 APW20000424.0148 APW20000517.0197 NYT19980605.0009 NYT19980605.0355 NYT19980605.0451 NYT19980605.0482 NYT19980607.0160 NYT19980611.0252 NYT19980612.0328 NYT19980617.0415 NYT19980617.0478 NYT19980617.0492 NYT19980618.0372 NYT19980620.0188 NYT19980623.0221 NYT19980623.0414 NYT19980623.0467 NYT19980624.0513 NYT19980626.0390 NYT19980701.0486 NYT19980710.0255 NYT19980710.0256 NYT19980714.0272 NYT19980714.0284 NYT19980714.0317 NYT19980714.0346 NYT19980714.0354 NYT19980819.0121 NYT19980831.0110 NYT19981015.0054 NYT19981018.0144 NYT19981018.0155 NYT19981018.0235 NYT19981021.0144 NYT19981021.0145 NYT19981030.0125 NYT19981030.0126 NYT19981112.0087 NYT19981112.0088 NYT19981203.0178 NYT19981203.0179 NYT19981205.0005 NYT19981214.0415 NYT19981214.0435 NYT19981214.0436 NYT19981223.0414 NYT19981223.0484 NYT19981230.0403 NYT19981230.0404 NYT19981230.0406 NYT19981230.0407 NYT19981230.0428 NYT19981230.0430 NYT19981231.0251 NYT19981231.0325 NYT19981231.0355 NYT19990101.0052 NYT19990104.0419 NYT19990120.0165 NYT19990224.0466 NYT19990301.0443 NYT19990301.0448 NYT19990307.0145 NYT19990314.0210 NYT19990315.0330 NYT19990316.0301 NYT19990318.0382 NYT19990318.0384 NYT19990319.0394 NYT19990326.0230 NYT19990326.0263 NYT19990406.0309 NYT19990406.0349 NYT19990427.0461 NYT19990427.0464 NYT19990504.0229 NYT19990506.0449 NYT19990507.0280 NYT19990520.0408 NYT19990520.0494 NYT19990524.0334 NYT19990525.0295 NYT19990525.0296 NYT19990525.0300 NYT19990525.0305 NYT19990525.0319 NYT19990525.0335 NYT19990525.0347 NYT19990525.0436 NYT19990525.0470 NYT19990603.0505 NYT19990609.0419 NYT19991019.0445 NYT19991211.0007 NYT19991220.0365 NYT20000207.0414 NYT20000217.0297 NYT20000217.0302 NYT20000405.0360 NYT20000509.0085 NYT20000612.0850 NYT20000720.0316 NYT20000928.0005 XIE19980123.0082 XIE19980522.0279 XIE19980522.0324 XIE19980525.0028 XIE19980527.0045 XIE19980716.0202 XIE20000630.0224 NYT19981206.0139 NYT19981208.0351 NYT19981208.0427 XIE19960117.0301
393,APW19980727.0330 APW19980727.0784 APW19980727.0930 NYT19981001.0477 NYT19981009.0143 NYT19981123.0422 NYT19990217.0453 XIE19970730.0075 XIE19990417.0053 APW19981123.0827 APW19981123.1110 APW19981123.1239 APW19981123.1358 APW19981123.1439 APW19981124.0105 APW19981127.0097 APW19981202.0539 APW19990223.0134 APW19990224.0152 APW19990311.0148 APW19990311.0149 APW19990322.0194 APW19990322.0195 APW19990323.0131 APW19990323.0134 APW19990323.0186 APW19990323.0188 APW19990323.0197 APW19990324.0027 APW19990325.0075 APW19990325.0119 APW19990325.0180 APW19990325.0189 APW19990325.0215 APW19990325.0216 APW19990325.0281 APW19990325.0282 APW19990326.0163 APW19990326.0251 APW19990326.0253 APW19990327.0111 APW19990328.0113 APW19990329.0197 APW19990413.0179 APW19990413.0207 APW19990413.0209 APW19990413.0284 APW19990413.0286 APW19990414.0085 APW19990414.0087 APW19990414.0165 APW19990414.0166 APW19990415.0093 APW19990415.0187 APW19990416.0083 APW19990512.0134 APW19990616.0139 APW19990820.0020 APW19990926.0015 APW20000103.0025 APW20000414.0253 APW20000711.0018 NYT19980818.0401 NYT19981014.0027 NYT19981017.0032 NYT19981123.0406 NYT19981123.0419 NYT19981125.0368 NYT19981125.0389 NYT19981126.0048 NYT19981126.0070 NYT19981127.0227 NYT19981128.0053 NYT19981201.0254 NYT19981211.0086 NYT19990226.0394 NYT19990319.0330 NYT19990322.0439 NYT19990323.0269 NYT19990324.0441 NYT19990325.0272 NYT19990325.0345 NYT19990326.0371 NYT19990326.0464 NYT19990326.0484 NYT19990327.0020 NYT19990329.0422 NYT19990413.0315 NYT19990414.0489 NYT19990415.0010 NYT19990415.0011 NYT19990817.0332 NYT20000619.0281 XIE19960926.0163 XIE19960927.0264 XIE19961002.0174 XIE19980819.0285
394,APW19990429.0301 APW19990527.0195 APW19990527.0243 APW19990706.0098 APW19990727.0091 APW19990914.0071 APW19990924.0069 APW19990924.0106 APW20000602.0037 APW20000608.0042 NYT19980604.0461 NYT19980604.0462 NYT19980609.0108 NYT19980609.0109 NYT19980611.0126 NYT19980630.0009 NYT19981019.0252 NYT19981024.0099 NYT19981024.0191 NYT19981025.0058 NYT19981028.0176 NYT19981028.0220 NYT19981028.0238 NYT19981028.0267 NYT19981028.0271 NYT19981028.0282 NYT19981028.0413 NYT19981028.0415 NYT19981028.0507 NYT19981028.0510 NYT19981028.0511 NYT19981028.0512 NYT19981028.0513 NYT19981028.0574 NYT19981208.0001 NYT19981216.0367 NYT19990217.0046 NYT19990218.0449 NYT19990415.0060 NYT19990602.0440 NYT19990602.0457 NYT19990603.0226 NYT19990810.0384 NYT19990814.0260 NYT19990818.0335 NYT19990824.0404 NYT19990924.0237 NYT19990924.0238 NYT19990924.0247 NYT19990924.0250 NYT19990924.0251 NYT19990924.0277 NYT19991211.0168 NYT19991211.0183 NYT19991214.0116 NYT20000107.0174 NYT20000118.0120 NYT20000121.0159 NYT20000415.0214 NYT20000415.0218 NYT20000524.0159 NYT20000601.0267 NYT20000607.0321 NYT20000608.0001 NYT20000802.0124 NYT20000804.0044 NYT20000822.0111 NYT20000829.0034 NYT20000829.0039 XIE19971214.0175 XIE19990922.0174
